date,close,volume,open,high,low
3/28/2013,58.51,1436742,57.12,58.55,57.0001
4/1/2013,57.02,1095631,58.65,58.65,56.98
4/2/2013,57.16,839721,57.21,57.61,56.94
4/3/2013,56.07,1268233,57.42,57.42,55.9
4/4/2013,51.89,17965140,56,56,50.4
4/5/2013,53.35,4333438,51.9,53.46,51.5
4/8/2013,53.3,1876896,53.22,53.5875,52.72
4/9/2013,54.02,1488037,53.24,54.23,53.23
4/10/2013,56.26,3267071,54.09,56.51,54.09
4/11/2013,55.41,1922135,56.27,56.32,55.29
4/12/2013,55.2,1491140,55.09,55.66,54.36
4/15/2013,53.88,1447901,55.02,55.17,53.87
4/16/2013,54.93,950218,54.12,54.94,54.08
4/17/2013,52.71,2950516,53.21,53.89,52.565
4/18/2013,51.54,1939736,52.92,53.1,51.31
4/19/2013,50.35,2956809,51.53,51.53,50.27
4/22/2013,49.85,3280230,50.56,50.8,49.4357
4/23/2013,49.41,3259091,50.22,50.48,49.2
4/24/2013,49.86,2504372,49.48,50.67,49.44
4/25/2013,50.43,1949156,50.2,50.86,50
4/26/2013,52.09,3016721,50.65,52.64,50.65
4/29/2013,51.57,2580592,51.85,52.2,51.21
4/30/2013,51.07,2614606,51.22,51.79,50.645
5/1/2013,51.34,2034818,51.04,51.68,51.04
5/2/2013,53.06,3483485,51.52,53.74,51.2
5/3/2013,50.65,10055980,49.68,50.83,48.81
5/6/2013,51.96,3075001,50.77,51.97,50.61
5/7/2013,52.05,1870484,52.16,52.24,51.19
5/8/2013,54.08,2730934,52.05,54.14,51.8101
5/9/2013,55.1,2429340,54.11,55.26,54.06
5/10/2013,55.25,1621409,55.24,55.5,54.92
5/13/2013,53.85,2241796,55,55.1099,53.76
5/14/2013,53.47,3648556,53.96,54.21,53.4
5/15/2013,54.27,2094399,53.47,54.35,53.43
5/16/2013,56.57,3495253,54.52,56.93,54.37
5/17/2013,57.34,2334397,56.68,57.7,56.11
5/20/2013,56.61,1873912,56.86,57.34,56.52
5/21/2013,58.24,2689246,56.55,58.55,56.55
5/22/2013,56.17,3499050,57.89,58.22,55.92
5/23/2013,54.9,2558071,55.08,56.05,54.68
5/24/2013,54.4,983027,54.54,55.29,54.19
5/28/2013,54.46,1917621,54.79,55.14,54.29
5/29/2013,54.86,1450747,54.29,55.06,53.85
5/30/2013,57.1,2348001,55,57.23,55
5/31/2013,55.75,1633556,56.75,57.23,55.75
6/3/2013,55.6,2271475,55.76,55.76,53.86
6/4/2013,55.18,1294701,55.39,55.73,55.01
6/5/2013,54.79,1770249,55,55.5,54.63
6/6/2013,55.21,884222,54.84,55.53,54.74
6/7/2013,56.9,1171935,55.25,56.92,54.83
6/10/2013,57.33,1332045,57.26,57.68,56.9
6/11/2013,56.53,1545291,56.45,56.96,55.9
6/12/2013,55.86,1007278,57.1,57.18,55.67
6/13/2013,56.93,876696,55.66,57.1,55.41
6/14/2013,56.08,1078055,56.76,57.15,55.88
6/17/2013,55.46,1370822,55.8,56.48,55.14
6/18/2013,55.34,1462149,55.74,55.8,55.01
6/19/2013,55.3,1534798,55.31,56.06,55.21
6/20/2013,52.92,2704198,54.92,54.98,52.89
6/21/2013,50.7,3638809,53.14,53.14,50.53
6/24/2013,48.34,3963058,50.23,50.25,48.11
6/25/2013,48.5,2346209,48.77,49.3,48.33
6/26/2013,50.4,3176936,49.46,52.14,49.46
6/27/2013,51.11,2332614,50.58,51.5699,50.09
6/28/2013,50.23,2708722,50.81,50.99,49.49
7/1/2013,50.64,1413135,50.6,51.36,50.21
7/2/2013,50.02,1309531,50.7,50.74,49.58
7/3/2013,51.39,757211,49.76,51.52,49.76
7/5/2013,51.69,942357,51.56,51.83,50.85
7/8/2013,51.35,858060,52,52,51.25
7/9/2013,51.76,747585,51.49,52.39,51.48
7/10/2013,52.8,1365307,51.63,52.9,51.56
7/11/2013,56.17,3408417,53.84,56.35,53.64
7/12/2013,55.91,1856434,56.19,56.79,54.81
7/15/2013,57,1693256,56.1,57.165,55.38
7/16/2013,57.32,1879965,57.08,57.67,56.52
7/17/2013,57.49,989855,57.57,57.75,57.09
7/18/2013,59.25,1695885,57.76,59.4101,57.53
7/19/2013,58.08,1393630,58.97,59.66,57.95
7/22/2013,58.07,716408,58.17,58.46,57.72
7/23/2013,57.36,968507,57.6,57.91,56.86
7/24/2013,57.71,1326745,57.97,58.96,57.53
7/25/2013,59.59,1535359,57.62,59.89,57.37
7/26/2013,58.25,1554750,59.14,59.18,57.35
7/29/2013,58.56,1109081,58.29,59.29,58.2148
7/30/2013,58.73,1163769,59,59.04,58.4
7/31/2013,59.12,1736286,59,59.56,58.41
8/1/2013,63.17,4721301,61.65,65.96,61.65
8/2/2013,63.37,1361765,63.28,63.89,62.9
8/5/2013,64.7,1626977,63.05,64.87,63.04
8/6/2013,63.26,1890432,64.38,64.86,62.77
8/7/2013,63.16,1285367,63.29,63.4,62.11
8/8/2013,63.84,1091944,63.57,64.235,62.63
8/9/2013,63.76,751078,63.63,64.61,63.5601
8/12/2013,64.13,615203,63.67,64.31,63.55
8/13/2013,64.77,821111,64.42,64.8999,63.85
8/14/2013,64.17,1010180,64.74,64.8,63.87
8/15/2013,61.86,1581372,63.49,63.55,61.7249
8/16/2013,61.69,1005069,61.61,62.18,60.98
8/19/2013,60.6,1072933,61.52,62.08,60.59
8/20/2013,61,934144,60.72,61.16,60.4201
8/21/2013,59.5,1850898,60.75,61.34,59.38
8/22/2013,60.15,1370938,59.62,60.44,59.38
8/23/2013,60.94,1452141,60.47,61.34,60.14
8/26/2013,60.52,774609,60.85,61.38,60.36
8/27/2013,58.7,1342697,59.81,59.81,58.38
8/28/2013,58.92,931243,58.71,59.7,58.45
8/29/2013,59.87,916040,58.62,60.29,58.48
8/30/2013,58.56,1038125,59.95,59.95,58.34
9/3/2013,58.7,572341,59.3,59.63,58.3
9/4/2013,58.8,878992,58.79,59.2,58.148
9/5/2013,57.51,1253456,58.82,59.16,57.49
9/6/2013,56.92,3070494,57.63,57.67,55.45
9/9/2013,57.03,1269277,57.26,57.46,56.9001
9/10/2013,58.03,1513141,57.46,58.28,57.35
9/11/2013,58.84,1586585,58,59.05,57.93
9/12/2013,59.57,2023430,58.83,59.99,58.63
9/13/2013,59.31,1152270,59.69,59.805,58.75
9/16/2013,59.71,957861,59.96,60.139,59.4701
9/17/2013,59.49,1301528,59.93,60,59.025
9/18/2013,60.48,1740036,59.6,60.73,59.51
9/19/2013,59.08,1617012,60.62,60.636,58.96
9/20/2013,60.73,2086940,59.8,61.01,59.73
9/23/2013,59.88,1559081,60.44,60.92,59.145
9/24/2013,58.44,1415356,59.73,59.79,57.75
9/25/2013,58.05,891897,58.43,58.72,57.84
9/26/2013,56.9,1582844,58.14,58.359,56.77
9/27/2013,56.51,1099576,56.59,56.92,56.25
9/30/2013,55.44,1223106,55.92,56.26,55.25
10/1/2013,55.25,1522184,55.44,55.85,55.01
10/2/2013,55.37,1494039,54.99,55.5,54.7501
10/3/2013,54.39,2740193,55.03,55.39,53.35
10/4/2013,54.12,1563029,54.46,55.01,54.07
10/7/2013,53.46,1364003,53.69,54.41,53.24
10/8/2013,52.58,1803362,53.36,53.5,52.2
10/9/2013,52.75,1600615,52.88,53.25,52.08
10/10/2013,52.69,3257646,52.94,53.07,51.73
10/11/2013,52.95,1664687,52.59,52.97,51.86
10/14/2013,52.58,2270165,52.25,52.64,51.83
10/15/2013,42.91,21666880,44.73,45.13,42.75
10/16/2013,41.48,8324074,43.26,43.3999,41.11
10/17/2013,42.52,6440159,41.23,42.79,41.225
10/18/2013,42.64,3275713,42.74,43.28,42.5
10/21/2013,43.44,3174754,42.86,43.54,42.11
10/22/2013,43.96,3102584,43.86,44.1,43.35
10/23/2013,43.42,2219019,43.87,43.92,43.25
10/24/2013,45.45,3926461,43.28,45.605,42.71
10/25/2013,44.47,2834936,45.42,45.54,44.17
10/28/2013,45.89,2589197,44.59,46.13,44.46
10/29/2013,46.25,3705486,45.32,46.31,44.86
10/30/2013,45.47,5970570,46.39,47.05,44.75
10/31/2013,44.07,4597023,44.64,46.7,43.75
11/1/2013,44,2922933,44.34,44.48,43.57
11/4/2013,43.01,3657758,44.14,44.25,42.8
11/5/2013,42.63,3831807,42.82,43.41,42.345
11/6/2013,42.98,1772212,42.95,43.05,42.72
11/7/2013,43.41,3283000,43.12,44.13,43
11/8/2013,43.5,2031486,43.54,43.73,43.19
11/11/2013,43.79,1790216,43.5,44.05,43.36
11/12/2013,43.93,1288162,43.66,44.07,43.53
11/13/2013,44.95,2300681,43.79,45.075,43.79
11/14/2013,44.8,2374795,44.48,45.07,44.4
11/15/2013,45.59,1821776,45,45.61,44.82
11/18/2013,45.45,1967997,45.88,45.88,45.15
11/19/2013,45.22,2711830,45.27,45.5,45.08
11/20/2013,45.4,2099625,45.26,45.54,45.11
11/21/2013,45.7,1632961,45.44,46,45.3
11/22/2013,45.29,1536165,45.8,45.8,45.17
11/25/2013,45.22,1732892,45.43,45.54,45.02
11/26/2013,45.38,1502536,45.3,45.65,45.02
11/27/2013,45.68,910642,45.38,45.86,45.37
11/29/2013,45.64,381357,45.8,45.901,45.49
12/2/2013,45.81,1681834,45.49,45.94,45.42
12/3/2013,45.35,1640359,45.47,45.77,45.25
12/4/2013,42.53,10007210,43.33,43.92,42
12/5/2013,41.6,3488720,42.49,42.5,41.53
12/6/2013,41.88,3246617,41.84,42.335,41.83
12/9/2013,41.97,2392195,41.96,42.39,41.78
12/10/2013,41.15,3034256,41.84,41.8975,41.14
12/11/2013,40.06,5725283,41.12,41.17,39.83
12/12/2013,39.52,4137587,39.46,39.76,39.16
12/13/2013,40.99,3132933,39.65,41.18,39.52
12/16/2013,41.62,2289385,40.86,41.72,40.81
12/17/2013,41.73,2268617,41.78,42.35,41.46
12/18/2013,41.89,2852076,41.99,41.99,41.19
12/19/2013,42.18,1952964,41.9,42.49,41.89
12/20/2013,44.78,4818649,42.26,44.86,42.26
12/23/2013,44.3,1914659,44.91,45.12,43.905
12/24/2013,44.35,392137,44.28,44.73,44.14
12/26/2013,44.69,1008460,44.26,44.92,44.171
12/27/2013,44.76,1260130,44.82,45.64,44.69
12/30/2013,44.7,1547349,44.51,44.91,44.067
12/31/2013,45.49,1533194,44.82,45.9,44.82
1/2/2014,44.73,2159032,45.33,45.59,44.65
1/3/2014,45.36,1317182,44.96,45.59,44.6
1/6/2014,45.54,1554214,45.6,45.79,45.14
1/7/2014,45.98,2110475,45.55,46.07,45.26
1/8/2014,45.87,2184906,45.83,46.25,45.445
1/9/2014,45.39,1620883,46.04,46.59,45.17
1/10/2014,44.31,2684338,45.84,45.87,43.94
1/13/2014,44.03,2443147,44.46,45.33,43.99
1/14/2014,45.79,2195666,44.35,45.82,44.21
1/15/2014,47.63,4753875,45.96,49.15,45.87
1/16/2014,47.3,1407392,47.33,47.68,46.95
1/17/2014,47.24,1483346,47.31,47.91,46.76
1/21/2014,46.86,1283305,47.3,47.98,46.56
1/22/2014,45.75,2128746,46.89,47.05,45.585
1/23/2014,45,2078297,45.58,45.58,44.74
1/24/2014,43.78,1598250,44.75,44.9399,43.75
1/27/2014,43.4,1312519,43.78,43.91,43.061
1/28/2014,43.9,1401450,43.58,43.97,43.46
1/29/2014,42.07,2839215,42.36,43.01,41.66
1/30/2014,42.13,2826989,42.56,42.65,41.8875
1/31/2014,41.12,3398960,41.34,42.02,40.85
2/3/2014,40,2964810,41.31,41.81,39.77
2/4/2014,40.56,3059282,40.07,41,39.92
2/5/2014,41.06,3433809,40.22,41.21,40.01
2/6/2014,41,10256570,44.38,46.4,40.16
2/7/2014,40.95,5262750,40.37,41.23,39.5
2/10/2014,41.07,2799960,40.95,41.61,40.51
2/11/2014,43.3,4026688,41.72,43.63,41.62
2/12/2014,42.79,2666024,43.29,43.7,42.74
2/13/2014,42.8,1655931,42.56,43.165,42.39
2/14/2014,43.31,2456325,42.78,43.575,42.28
2/18/2014,43.42,1756450,43.43,44.18,43.36
2/19/2014,44.31,2505031,43.28,44.9,43.27
2/20/2014,44.96,2637596,44.23,45.07,43.67
2/21/2014,45.58,4558564,45.12,46.72,45.06
2/24/2014,45.66,2003914,45.6,46.35,45.25
2/25/2014,45.58,1455951,45.58,45.77,45.24
2/26/2014,46.26,3257611,46.185,47.07,46.1
2/27/2014,46.28,2646820,45.76,46.3,45
2/28/2014,45.92,1695227,46.25,46.45,45.49
3/3/2014,45.22,1859815,45.5,45.85,44.87
3/4/2014,46.3,1849450,45.76,46.66,45.45
3/5/2014,46.58,2444324,46.33,46.81,45.53
3/6/2014,46.98,2958416,47.09,48.18,46.76
3/7/2014,46.84,1921349,47.12,47.48,46.34
3/10/2014,46.5,1598044,46.67,46.77,46.28
3/11/2014,45.9,2478971,46.59,46.89,45.53
3/12/2014,45.44,2139138,45.67,46.16,44.75
3/13/2014,44.95,2284070,45.58,46.25,44.79
3/14/2014,44.69,1296530,44.92,45.23,44.47
3/17/2014,45.79,1360078,45.02,46.02,45
3/18/2014,46.29,1158805,45.74,46.34,45.47
3/19/2014,46.09,1181552,46.28,46.53,45.75
3/20/2014,48.2,3377118,46,48.88,45.91
3/21/2014,47.79,2850716,48.61,49,47.41
3/24/2014,47.62,1830109,47.97,48.53,47.49
3/25/2014,48.07,1502587,47.68,48.75,47.53
3/26/2014,47.4,3111786,48.39,49.49,47.38
3/27/2014,47.8,1574023,47.32,48.17,46.8
3/28/2014,48.1,1512706,47.97,48.96,47.85
3/31/2014,49.19,1255281,48.43,49.39,48.06
4/1/2014,48.27,2303480,49.36,49.49,47.78
4/2/2014,49.18,1611140,48.26,49.57,47.98
4/3/2014,48.98,1524969,49.16,49.2,48.4365
4/4/2014,47.79,1349169,49.39,49.39,47.5001
4/7/2014,45.72,2869222,47.54,47.85,45.45
4/8/2014,45.33,3982779,45.73,45.73,44.37
4/9/2014,46.58,1676627,45.42,46.67,45.41
4/10/2014,46.07,1821584,46.47,46.75,46
4/11/2014,44.71,2053055,45.62,45.75,44.2
4/14/2014,45.28,1031683,45.14,45.485,44.73
4/15/2014,46.78,2453421,45.29,46.84,44.72
4/16/2014,47.08,1341179,47.14,47.47,46.42
4/17/2014,46.99,1066095,46.71,47.26,46.29
4/21/2014,47.6,1127314,46.91,47.79,46.76
4/22/2014,47.55,927675,47.61,48.07,47.13
4/23/2014,46.31,1213100,47.56,47.56,46.28
4/24/2014,46,1087268,46.69,47.13,45.95
4/25/2014,44.84,1501293,45.93,45.95,44.805
4/28/2014,44.77,2341128,45.18,45.35,44.08
4/29/2014,45.16,1315022,45.07,45.59,44.84
4/30/2014,45.46,1340064,45.16,45.52,44.71
5/1/2014,45.85,965748,45.46,46.24,45.15
5/2/2014,45.1,1071855,45.87,45.99,45.07
5/5/2014,44.59,1347421,44.97,45.03,44.17
5/6/2014,44.32,1656244,44.58,44.7,44.03
5/7/2014,43.97,2829634,44.41,44.63,43.24
5/8/2014,39.54,18282730,42.42,42.97,37.66
5/9/2014,39.63,7887363,39.31,40.11,39.3
5/12/2014,40.34,4371483,39.85,40.51,39.82
5/13/2014,40.78,2680223,40.41,41.14,40.12
5/14/2014,40.87,1969362,40.72,40.96,40.36
5/15/2014,40.53,2051753,40.9,40.9,40.27
5/16/2014,40.62,1488542,40.58,40.96,40.26
5/19/2014,41.17,1496383,40.56,41.745,40.52
5/20/2014,40.8,1875725,41,41.11,40.65
5/21/2014,40.84,1879276,40.84,40.95,40.37
5/22/2014,41.02,1718678,40.85,41.04,40.76
5/23/2014,41.18,1695630,40.9,41.42,40.9
5/27/2014,41.3,2114863,41.38,41.63,41
5/28/2014,41.6,1523048,41.34,41.84,41.12
5/29/2014,42.19,1131504,42,42.42,41.79
5/30/2014,41.99,1999869,41.96,42.1,41.48
6/2/2014,41.98,1447362,41.99,42.16,41.74
6/3/2014,41.77,1752390,41.87,42.045,41.55
6/4/2014,41.93,1665431,41.55,42.76,41.49
6/5/2014,42.56,1710338,41.97,42.67,41.51
6/6/2014,43.08,1158213,42.78,43.41,42.694
6/9/2014,43.23,1091234,43,43.49,42.87
6/10/2014,43.2,1041344,42.97,43.3785,42.92
6/11/2014,42.87,940663,43,43.16,42.79
6/12/2014,42.75,1763028,42.96,43.095,42.48
6/13/2014,43.42,919677,42.91,43.49,42.76
6/16/2014,44.07,1184133,43.45,44.09,43.25
6/17/2014,44.06,1102369,43.94,44.25,43.65
6/18/2014,44.28,933381,44.08,44.38,43.67
6/19/2014,43.98,1787965,44.33,44.8,43.59
6/20/2014,43.57,1752640,44.13,44.22,43.375
6/23/2014,42.83,1895929,42.78,43.12,42.28
6/24/2014,42.19,2393923,42.73,42.978,42.17
6/25/2014,41.97,4242307,42.22,42.24,41.75
6/26/2014,41.12,4219605,42,42.05,40.84
6/27/2014,40.51,3721862,41.01,41.15,40.47
6/30/2014,40.2,3510931,40.43,40.87,39.99
7/1/2014,40.33,2975780,40.32,40.6,40.28
7/2/2014,39.99,2725064,40.35,40.66,39.97
7/3/2014,40.55,2611930,40.18,40.6,40.12
7/7/2014,40.82,2101816,40.61,40.87,40.55
7/8/2014,40.23,2802263,40.77,40.86,40.01
7/9/2014,40.48,3104364,40.37,40.515,40.27
7/10/2014,40.81,2037776,40.03,40.88,39.92
7/11/2014,41.24,1694063,40.71,41.43,40.65
7/14/2014,42.05,1676943,41.53,42.3,41.5
7/15/2014,41.49,2254119,42.02,42.51,41.33
7/16/2014,41.78,1168160,41.61,42,41.52
7/17/2014,41.74,2403982,41.57,42.26,41.57
7/18/2014,42.37,1729813,41.91,42.51,41.81
7/21/2014,42.22,1328732,42.22,42.3,41.89
7/22/2014,43.06,1265355,42.38,43.28,42.38
7/23/2014,42.7,1897845,43.08,43.235,42.58
7/24/2014,43.38,1615299,42.87,43.58,42.77
7/25/2014,42.63,1754731,43.13,43.14,42.37
7/28/2014,42.37,1929299,42.59,42.67,41.92
7/29/2014,42.85,1665071,42.42,43.46,42.42
7/30/2014,42.78,1475586,42.96,43.1,42.62
7/31/2014,42.16,2654539,42.41,42.75,41.96
8/1/2014,42.21,2735621,41.97,42.69,41.72
8/4/2014,43.54,1792687,42.19,43.64,42.03
8/5/2014,43.36,1889767,43.38,43.82,43.16
8/6/2014,43.05,2964931,42.92,43.61,42.89
8/7/2014,41.62,5230430,44.43,44.9,41.22
8/8/2014,42.48,2880394,41.71,42.94,41.6
8/11/2014,42.69,2010527,42.56,43,41.92
8/12/2014,42.27,1177424,42.62,42.675,42.12
8/13/2014,42.45,890007,42.41,42.5736,42.13
8/14/2014,42.87,770981,42.61,43.02,42.27
8/15/2014,42.87,1314156,43.08,43.095,42.44
8/18/2014,43.33,760284,43.17,43.48,43.02
8/19/2014,43.23,1138176,43.44,43.8,43.14
8/20/2014,43.32,1055969,43.21,43.38,42.8
8/21/2014,43.43,988303,43.26,43.75,43.12
8/22/2014,43.51,1085063,43.4,43.63,43.205
8/25/2014,43.9,1472542,43.85,44.28,43.4
8/26/2014,44.5,1103741,44,44.63,43.9
8/27/2014,44.84,1327053,44.61,45,44.22
8/28/2014,45.32,1847073,44.59,45.57,44.4
8/29/2014,45.67,978572,45.43,45.99,45.25
9/2/2014,45.84,1951389,45.79,46.56,45.46
9/3/2014,45.8,1321078,45.98,46.64,45.73
9/4/2014,44.6,2478788,45.4,45.56,44.44
9/5/2014,44.53,1831660,44.49,44.97,44.05
9/8/2014,44.87,1151712,44.54,45.22,44.43
9/9/2014,45.46,1909961,44.71,46.06,44.68
9/10/2014,44.64,2107262,45.55,45.7,44.58
9/11/2014,44.88,1317909,44.5,44.91,44
9/12/2014,44.86,1189574,44.8,45.13,44.45
9/15/2014,45.04,1726417,44.78,45.37,44.59
9/16/2014,45.03,1176255,44.9,45.22,44.68
9/17/2014,44.23,1506199,45.01,45.17,44.19
9/18/2014,44.71,963829,44.43,44.86,44.43
9/19/2014,43.57,2225743,44.81,45,43.38
9/22/2014,43.22,1273953,43.5,43.5,42.7
9/23/2014,42.65,1607486,43.12,43.4,42.46
9/24/2014,43.22,979827,42.58,43.22,42.41
9/25/2014,41.76,1536047,43.06,43.06,41.73
9/26/2014,42.25,965253,41.75,42.35,41.75
9/29/2014,41.9,1759633,41,42.19,40.8
9/30/2014,41.92,1454241,41.72,42.14,41.5201
10/1/2014,41.59,1798603,41.96,42.051,41.43
10/2/2014,41.84,1383815,41.62,42,40.97
10/3/2014,41.96,1106127,42.05,42.32,41.87
10/6/2014,42.23,945818,42.27,42.57,41.73
10/7/2014,41.29,1894196,42.01,42.075,41.26
10/8/2014,41.95,1173023,41.25,41.99,40.96
10/9/2014,41.15,1672219,41.61,41.62,40.55
10/10/2014,40.01,2108864,41.09,41.58,40.01
10/13/2014,39.9,2491778,40.11,41.04,39.54
10/14/2014,41.32,2224589,40,41.88,39.87
10/15/2014,41.18,3235582,40.69,41.58,40.09
10/16/2014,41,1995323,40.53,41.58,40.53
10/17/2014,42.29,1717008,41.36,42.36,41.18
10/20/2014,40.7,2166264,41.69,42,40.63
10/21/2014,41.3,1918039,40.8,41.56,40.6
10/22/2014,40.04,2211079,41.47,41.58,39.97
10/23/2014,39.87,3965479,40.29,40.4099,39.6
10/24/2014,40.69,1481147,39.95,40.91,39.88
10/27/2014,40.63,1163334,40.57,40.96,40.51
10/28/2014,41.38,1329844,40.71,41.48,40.71
10/29/2014,40.72,1392034,41.33,41.79,40.25
10/30/2014,41.4,1220932,40.67,41.58,40.55
10/31/2014,42.32,1279924,41.85,42.55,41.76
11/3/2014,41.82,1096735,42.3,42.45,41.74
11/4/2014,41.72,840536,41.64,41.93,41.45
11/5/2014,41.06,2341247,42.16,42.17,40.9
11/6/2014,42.68,5443608,42.71,44.27,42.04
11/7/2014,42.71,2446884,42.62,43.03,42.01
11/10/2014,43.53,2137321,42.69,43.76,42.6
11/11/2014,43.71,1525596,43.17,44.11,43.17
11/12/2014,44.58,1492501,43.59,44.66,43.33
11/13/2014,44.6,1594116,44.46,44.7,44.08
11/14/2014,44.25,1806894,44.52,44.69,44.17
11/17/2014,44.81,2046017,44.2,45.25,44.14
11/18/2014,44.73,1600586,44.81,45.14,44.7
11/19/2014,44.77,1549785,44.68,44.94,44.23
11/20/2014,44.46,1248258,44.6,44.89,44.25
11/21/2014,44.57,1568247,44.73,45.39,44.395
11/24/2014,45.15,1285940,44.64,45.4,44.23
11/25/2014,44.92,2044013,45.32,45.54,44.91
11/26/2014,44.86,941147,44.93,45.2,44.78
11/28/2014,45.14,701871,44.99,45.64,44.95
12/1/2014,44.43,1487200,44.89,45.05,44.39
12/2/2014,44.58,1024677,44.51,44.89,44.08
12/3/2014,45.11,894921,44.6,45.255,44.51
12/4/2014,44.43,1353724,45,45.07,44.34
12/5/2014,44.54,2418228,44.41,44.99,44.34
12/8/2014,43.4,1491376,44.27,44.62,43.19
12/9/2014,43.48,1761333,42.95,43.53,42.79
12/10/2014,42.52,1622647,43.48,43.91,42.46
12/11/2014,42.6,1118280,42.83,43.4,42.44
12/12/2014,41.53,1591743,42.14,42.45,41.53
12/15/2014,41.64,1771130,41.67,41.98,40.97
12/16/2014,40.87,2418126,41.61,41.78,40.85
12/17/2014,41.28,2634347,40.78,41.42,40.31
12/18/2014,42.99,2687932,42.05,43.02,41.92
12/19/2014,44.29,2922776,43.17,44.54,43.09
12/22/2014,44.22,1561083,44.29,44.55,44
12/23/2014,44.81,2419649,44.6,45.59,44.6
12/24/2014,45.22,1039137,44.9,45.62,44.88
12/26/2014,44.97,1042800,45.24,45.6,44.94
12/29/2014,44.94,982490,44.81,45.31,44.63
12/30/2014,44.61,1045502,44.81,45.2499,44.37
12/31/2014,43.68,1002576,44.64,44.8397,43.66
1/2/2015,44,1349713,43.97,44.235,43.23
1/5/2015,43.07,1988671,43.69,43.8,42.52
1/6/2015,42.63,1662933,43.33,43.6,42.28
1/7/2015,42.78,1665021,43.13,43.25,42.61
1/8/2015,43.33,1817709,43.24,43.9,43.045
1/9/2015,43.43,937131,43.51,43.66,42.8
1/12/2015,42.63,1098777,43.39,43.488,42.57
1/13/2015,42.83,1391439,42.87,43.89,42.46
1/14/2015,42.65,1738664,42.4,42.89,41.99
1/15/2015,41.95,1040929,42.88,43.17,41.93
1/16/2015,42.93,1728044,41.91,42.96,41.825
1/20/2015,43.32,1321764,43.25,43.58,42.83
1/21/2015,43.29,1192427,42.99,43.83,42.71
1/22/2015,44.25,1307324,43.55,44.35,43.26
1/23/2015,43.35,1600959,44,44.39,43.27
1/26/2015,44.36,1906186,43.47,44.39,43.1
1/27/2015,45.22,4125847,43.63,46.72,43.485
1/28/2015,44.58,1703325,45.73,45.83,44.44
1/29/2015,45,1556700,44.75,45.12,44.03
1/30/2015,44.56,1941500,44.53,45.09,44.21
2/2/2015,45.53,1646838,44.59,45.62,44.08
2/3/2015,46.69,2109094,45.9,46.89,45.73
2/4/2015,46.98,3131534,46.42,47.03,46.06
2/5/2015,42.19,10327380,42.4,43.43,41.18
2/6/2015,41.63,4081704,41.49,42.62,41.38
2/9/2015,42.5,3102792,41.48,42.63,41.41
2/10/2015,43.63,2243710,42.7,43.73,42.27
2/11/2015,43.83,1793982,43.65,43.98,43.36
2/12/2015,46.02,3727670,44.71,46.21,44.57
2/13/2015,45.73,1896679,45.92,46.3,44.94
2/17/2015,45.08,1650478,45.25,45.42,44.5704
2/18/2015,45.16,1215327,45.04,45.42,44.76
2/19/2015,45.17,1056973,44.91,45.4,44.71
2/20/2015,45.29,1120933,45.04,45.315,44.5
2/23/2015,44.63,2150353,45.32,45.32,44.07
2/24/2015,44.73,1371943,44.76,44.8825,44.06
2/25/2015,43.95,1676151,44.59,44.71,43.8
2/26/2015,43.96,2070347,44.07,44.39,43.35
2/27/2015,44.52,1374299,44,44.89,43.88
3/2/2015,44.96,1695080,44.55,45.03,43.94
3/3/2015,44.05,894807,44.65,44.81,43.975
3/4/2015,44.64,2182663,43.77,45,43.42
3/5/2015,44.03,1611541,44.62,44.65,43.92
3/6/2015,42.89,1769156,43.8,44.22,42.82
3/9/2015,42.85,1443826,42.89,43.01,42.55
3/10/2015,42.18,1383644,42.85,43.08,42.075
3/11/2015,42.24,1584146,42.11,42.44,41.71
3/12/2015,42.34,1429706,42.24,42.44,41.66
3/13/2015,42.14,1214432,42.17,42.26,41.67
3/16/2015,42.19,1397012,41.96,42.51,41.9
3/17/2015,42.74,1401203,42.1,42.83,42.1
3/18/2015,42.73,2065329,42.53,43.06,42.23
3/19/2015,42.73,1463481,42.68,43.32,42.63
3/20/2015,43.95,3203181,42.9,44.05,42.81
3/23/2015,44.23,1208531,43.89,44.55,43.79
3/24/2015,43.7,1295554,44.12,44.27,43.67
3/25/2015,42.67,1259605,43.6,43.725,42.64
3/26/2015,42.62,1212825,42.27,42.78,42.155
3/27/2015,42.71,1003900,42.5,42.72,42.21
3/30/2015,43.57,1123867,42.87,43.62,42.8
3/31/2015,44.14,1817902,43.41,44.45,43.15
4/1/2015,44.01,1160747,44.16,44.22,43.44
4/2/2015,43.97,682080,43.94,44.36,43.6
4/6/2015,44.72,1010155,43.59,44.92,43.52
4/7/2015,45.4,1743207,44.93,45.705,44.6
4/8/2015,45.62,1067330,45.45,45.69,45.19
4/9/2015,45.89,1012421,45.55,45.97,45.135
4/10/2015,44.86,2159009,45.79,46,44.69
4/13/2015,44.14,2067600,44.84,45.03,44.05
4/14/2015,43.59,2028210,44.01,44.21,43.345
4/15/2015,43.72,1285552,43.62,43.9,43.28
4/16/2015,43.74,765830,43.55,43.97,43.37
4/17/2015,43.1,1235814,43.39,43.406,42.52
4/20/2015,43.15,1003812,43.35,43.46,42.99
4/21/2015,43.45,880669,43.41,44.01,43.28
4/22/2015,43.72,981082,43.66,43.84,43.08
4/23/2015,44.45,1081947,43.79,44.91,43.65
4/24/2015,43.98,753084,44.56,44.65,43.75
4/27/2015,43.86,803006,44.02,44.23,43.75
4/28/2015,44.22,477719,43.8,44.35,43.65
4/29/2015,44.22,731174,44.03,44.55,43.96
4/30/2015,43.99,1097480,44.09,44.57,43.65
5/1/2015,45.01,1358739,44.15,45.06,43.91
5/4/2015,45.28,1361143,44.92,45.5,44.82
5/5/2015,44.54,2127284,45.16,45.65,44.49
5/6/2015,44.94,1840246,44.75,44.94,44.33
5/7/2015,41.8,7767609,42.2,42.42,40.04
5/8/2015,40.86,2835690,41.5,41.74,40.64
5/11/2015,40.11,3775420,40.75,40.97,39.92
5/12/2015,40.01,2015079,39.98,40.2,39.52
5/13/2015,40.64,2926412,40.02,40.91,40.01
5/14/2015,40.82,1409688,40.82,40.97,40.31
5/15/2015,40.22,1413886,40.83,40.93,40.02
5/18/2015,40.46,1397506,40.12,40.55,40.025
5/19/2015,40.29,1089657,40.56,40.76,40.115
5/20/2015,40.23,1891473,40.46,40.64,39.98
5/21/2015,39.93,742243,40.12,40.28,39.92
5/22/2015,39.57,1483264,39.92,40.07,39.36
5/26/2015,38.7,2101585,39.48,39.53,38.58
5/27/2015,38.83,1616356,38.79,39.06,38.46
5/28/2015,38.73,1287734,38.84,38.9,38.4
5/29/2015,38.94,1942829,38.66,39.17,38.54
6/1/2015,38.62,1305479,38.95,39,38.47
6/2/2015,39.25,1208703,38.53,39.36,38.5
6/3/2015,40,1675454,39.45,40.21,39.1901
6/4/2015,39.12,995619,39.63,39.71,39
6/5/2015,39.17,891807,39.02,39.27,38.84
6/8/2015,38.87,1001297,39.08,39.23,38.72
6/9/2015,38.77,877774,38.9,38.995,38.7
6/10/2015,39.04,1308573,38.95,39.52,38.86
6/11/2015,38.56,1909147,39.05,39.35,38.45
6/12/2015,38.57,1681855,38.49,38.83,38.34
6/15/2015,37.5,3755057,37.61,37.76,36.53
6/16/2015,38.25,1412298,37.53,38.31,37.52
6/17/2015,38.65,1899234,38.3,38.7165,38.16
6/18/2015,39.02,956254,38.71,39.16,38.61
6/19/2015,38.36,2180583,38.96,39.03,38.33
6/22/2015,38.56,1002754,38.59,38.95,38.505
6/23/2015,38.07,3601154,38.53,38.54,37.98
6/24/2015,37.6,1613377,38.07,38.24,37.58
6/25/2015,37.52,1605722,37.67,37.85,37.44
6/26/2015,37.3,2342435,37.5,37.61,37.2
6/29/2015,36.95,1794616,37.1,37.31,36.9
6/30/2015,37,1764792,37.28,37.28,36.87
7/1/2015,36.2,2475894,37.26,37.27,35.92
7/2/2015,36.02,1147093,36.28,36.49,35.94
7/6/2015,35.62,1250897,35.63,35.99,35.4
7/7/2015,35.91,858062,35.66,35.96,35.11
7/8/2015,35.41,1349338,35.63,35.95,35.36
7/9/2015,35.56,1093594,36.15,36.15,35.12
7/10/2015,35.93,710504,35.93,36.11,35.82
7/13/2015,36.3,512370,36.24,36.42,36.12
7/14/2015,36.31,832982,36.26,36.44,36.06
7/15/2015,35.99,782611,36.28,36.43,35.94
7/16/2015,35.76,1949170,36.01,36.22,35.41
7/17/2015,35.62,1717997,35.68,35.68,35.19
7/20/2015,36.85,1674580,35.81,37.03,35.81
7/21/2015,36.63,1238603,36.67,36.84,36.39
7/22/2015,36.61,997064,36.52,36.94,36.4
7/23/2015,36.71,924198,36.74,37.07,36.62
7/24/2015,35.87,983418,36.68,36.88,35.655
7/27/2015,35.74,963331,35.61,35.83,35.37
7/28/2015,36.15,580362,35.84,36.28,35.48
7/29/2015,36.38,1391573,36.04,36.51,35.69
7/30/2015,36.6,651150,36.3,36.73,36.04
7/31/2015,37.11,1997980,36.73,37.53,36.69
8/3/2015,36.53,1429432,37.09,37.09,36.28
8/4/2015,35.99,1607481,36.5,36.85,35.925
8/5/2015,36.27,2148819,36.28,37.05,36.12
8/6/2015,30.43,8309632,32.3,33.03,30.24
8/7/2015,30,5972136,30.08,30.38,29.1501
8/10/2015,30.9,3074492,30.06,30.96,30.01
8/11/2015,30.25,3629537,30.54,30.84,30.205
8/12/2015,30.52,4144383,29.99,30.54,29.72
8/13/2015,30.54,1986777,30.56,30.8,30.25
8/14/2015,30.53,853388,30.49,30.61,30.24
8/17/2015,30.63,1159829,30.31,30.69,30.18
8/18/2015,30.41,1332432,30.72,30.93,30.28
8/19/2015,29.88,1581995,30.18,30.29,29.565
8/20/2015,29.63,2308250,29.57,29.945,29.4
8/21/2015,30.18,3592627,29.65,30.89,29.25
8/24/2015,28.99,3187691,28.66,31.6,28.34
8/25/2015,27.7,3578817,29.84,29.84,27.7
8/26/2015,29.05,1867759,28.19,29.12,27.97
8/27/2015,29.75,1921456,29.38,29.81,29.07
8/28/2015,29.49,2004771,29.04,29.55,28.99
8/31/2015,29.23,1483113,29.33,29.69,29.15
9/1/2015,28.54,2266321,28.61,29.26,28.39
9/2/2015,28.73,4281781,28.82,28.93,28.23
9/3/2015,28.46,3161178,28.74,29.09,28.27
9/4/2015,28.42,1498854,28.06,28.83,28.02
9/8/2015,29.44,1808614,28.9,29.465,28.6
9/9/2015,29.32,2546049,29.76,30.24,29.26
9/10/2015,29.41,2284767,29.26,29.75,29.23
9/11/2015,29.59,1774314,29.38,29.755,29.24
9/14/2015,29.39,1770090,29.5,29.66,29.02
9/15/2015,29.8,1392556,29.56,29.93,29.38
9/16/2015,30.04,1042664,29.77,30.12,29.675
9/17/2015,29.56,1268017,30,30.07,29.52
9/18/2015,29.11,2734349,29.12,29.29,28.88
9/21/2015,28.81,3033615,29.3,29.33,28.505
9/22/2015,28.23,2275016,28.44,28.54,28.08
9/23/2015,28.35,1795580,28.16,28.46,27.965
9/24/2015,28.43,1711373,28,28.48,27.96
9/25/2015,28.84,1815889,28.74,28.99,28.2
9/28/2015,28.2,1506649,28.68,28.84,28.18
9/29/2015,29.2,2235539,28.28,29.33,28.24
9/30/2015,28.96,2222801,29.5,29.55,28.315
10/1/2015,28.12,1744692,28.98,28.98,28
10/2/2015,29.02,1780609,27.72,29.02,27.58
10/5/2015,29.2,2276453,29.15,29.5,29.09
10/6/2015,29.49,1614300,29.18,29.56,28.97
10/7/2015,29.93,2874305,29.71,30.27,29.6701
10/8/2015,29.76,1219549,29.78,29.97,29.31
10/9/2015,29.47,2039121,29.83,29.87,29.075
10/12/2015,28.58,1687465,29.44,29.4901,28.53
10/13/2015,28.37,1997940,28.45,28.881,28.28
10/14/2015,28.42,1611599,28.45,28.62,28.28
10/15/2015,28.62,1610673,28.58,28.73,28.31
10/16/2015,28.58,1761892,28.67,28.78,28.15
10/19/2015,28.86,3110704,28.48,29.13,28.4
10/20/2015,28.96,2178743,28.76,29.21,28.63
10/21/2015,28,4136769,29.04,29.18,27.865
10/22/2015,28.15,2573878,28.19,28.6,28.02
10/23/2015,28.28,2680977,28.39,28.475,27.98
10/26/2015,28.14,1344149,28.31,28.62,28.03
10/27/2015,27.79,1407170,27.97,28.24,27.735
10/28/2015,28.69,2055641,27.77,28.82,27.57
10/29/2015,28.08,1168003,28.52,28.66,28.02
10/30/2015,28.11,2109531,28.14,28.38,27.92
11/2/2015,29.1,2734058,28.14,29.13,27.96
11/3/2015,29.42,1818921,29.06,29.45,28.91
11/4/2015,29.79,3343987,29.44,29.87,29.13
11/5/2015,25.58,11309050,27.4,27.7,24
11/6/2015,28.83,7805079,25.11,29.27,25.11
11/9/2015,27.67,3594566,28.02,28.38,27.52
11/10/2015,27.66,1930911,27.56,27.8,27.42
11/11/2015,27,1665200,27.68,27.69,26.97
11/12/2015,26.58,1970552,26.76,27.16,26.31
11/13/2015,26.12,2966028,26.51,26.51,25.74
11/16/2015,26.37,1896653,26.08,26.64,25.84
11/17/2015,26.53,1717524,26.35,26.96,26.24
11/18/2015,28.19,3317689,26.71,28.35,26.69
11/19/2015,28.42,2281662,28.21,28.93,28.03
11/20/2015,28.45,2772506,28.54,28.78,28.22
11/23/2015,29.65,2926672,28.47,29.72,28.47
11/24/2015,29.88,2709354,29.36,29.975,28.79
11/25/2015,29.89,1394110,29.76,30.2,29.63
11/27/2015,29.8,903548,29.81,29.95,29.51
11/30/2015,29.91,2149230,29.74,29.95,29.17
12/1/2015,30.63,2451780,29.95,30.67,29.77
12/2/2015,30.03,1957323,30.5,30.6,29.77
12/3/2015,29.44,1265610,30.19,30.61,29.32
12/4/2015,29.69,1113659,29.44,29.91,29.315
12/7/2015,28.77,1759625,29.48,29.58,28.57
12/8/2015,28.14,2439899,28.43,28.79,28.04
12/9/2015,28.15,1590412,28.08,28.71,27.91
12/10/2015,28.64,1523235,28.15,29.12,28.01
12/11/2015,27.07,3548457,27.89,27.89,26.85
12/14/2015,26.88,1896230,27.05,27.25,26.7
12/15/2015,26.93,2064863,27.14,27.335,26.795
12/16/2015,27.56,1970838,27.21,27.649,26.99
12/17/2015,26.82,1907988,27.66,28,26.53
12/18/2015,26.19,3044798,26.72,26.83,26.11
12/21/2015,26.31,2133059,26.48,26.605,26.04
12/22/2015,26.94,2467096,26.37,27.05,26.14
12/23/2015,27.2,1668114,27.02,27.25,26.63
12/24/2015,27.22,495169,27.1,27.45,26.99
12/28/2015,26.81,740457,27.03,27.195,26.67
12/29/2015,27.07,847558,27.18,27.37,26.91
12/30/2015,26.82,657112,27.01,27.34,26.755
12/31/2015,26.42,945031,26.67,26.82,26.4
1/4/2016,26.25,2010365,25.98,26.3,25.62
1/5/2016,25.52,2756726,26.25,26.35,25.31
1/6/2016,24.48,2333823,24.8,25.2,24.37
1/7/2016,23.66,2680943,24.05,24.4,23.52
1/8/2016,23.47,2284464,24.01,24.05,23.41
1/11/2016,22.89,2692888,23.57,23.73,22.55
1/12/2016,23.05,1845530,23.19,23.41,22.71
1/13/2016,22.69,2561605,23.18,23.3,22.53
1/14/2016,23.15,2690396,22.83,23.475,22.35
1/15/2016,22.96,2650004,22.21,23.07,22.13
1/19/2016,22.69,2400157,23.29,23.5,22.38
1/20/2016,23.28,3647367,22.2,23.589,21.98
1/21/2016,23.4,2373019,23.36,24.02,23.1
1/22/2016,23.37,2103765,23.8,24.17,23.11
1/25/2016,22.76,1451549,23.31,23.45,22.695
1/26/2016,22.94,1452596,22.81,23.05,22.65
1/27/2016,22.96,1101137,22.85,23.49,22.79
1/28/2016,23.15,1379271,23.17,23.48,22.82
1/29/2016,24.34,2488352,23.25,24.37,23.18
2/1/2016,24.33,1738514,24.03,24.48,23.75
2/2/2016,23.27,2817688,24.03,24.15,23.26
2/3/2016,23.69,3854486,23.43,23.88,22.98
2/4/2016,25.58,4978337,24.15,26.76,24.02
2/5/2016,23.54,4914098,25.26,25.6,23.26
2/8/2016,23.12,3220299,23.14,23.44,22.15
2/9/2016,22.6,3072492,22.84,23.55,22.35
2/10/2016,23.24,2210515,22.69,23.59,22.55
2/11/2016,22.62,2061010,22.89,23.24,22.1
2/12/2016,23.07,1761125,22.98,23.44,22.52
2/16/2016,23.64,2125828,23.45,23.97,22.98
2/17/2016,24.75,2035169,23.82,24.85,23.74
2/18/2016,25.06,1916393,24.77,25.14,23.8
2/19/2016,25.08,1996645,24.99,25.16,24.59
2/22/2016,25.06,2250617,25.34,25.61,24.7
2/23/2016,24.53,1386265,24.99,24.99,24.46
2/24/2016,24.69,1168153,24.29,24.76,23.74
2/25/2016,25.13,1044559,24.76,25.16,24.42
2/26/2016,25.11,1501832,25.28,25.41,24.92
2/29/2016,24.95,1608587,25.13,25.565,24.91
3/1/2016,25.47,1302447,25.24,25.54,24.87
3/2/2016,25.53,1447403,25.4,25.68,25.1
3/3/2016,26.43,1806249,25.59,26.49,25.42
3/4/2016,26.8,1723505,26.47,27.07,26.36
3/7/2016,27.48,1825180,26.65,27.67,26.55
3/8/2016,26.81,2447687,27.23,27.27,26.39
3/9/2016,26.57,2476749,26.96,27.03,26.4
3/10/2016,26.11,2343741,26.8,26.98,25.55
3/11/2016,26.73,1244616,26.45,26.85,25.99
3/14/2016,26.18,1616087,26.72,26.89,26.075
3/15/2016,25.88,1205868,25.96,26,25.61
3/16/2016,26.16,1164832,25.89,26.29,25.75
3/17/2016,26.45,2032253,26.29,26.66,25.84
3/18/2016,26.76,2554052,26.57,26.82,26.36
3/21/2016,26.74,1087729,26.59,26.8799,26.43
3/22/2016,26.73,965593,26.56,26.955,26.45
3/23/2016,25.89,1021103,26.88,26.88,25.87
3/24/2016,25.85,1167298,25.66,25.87,25.26
3/28/2016,26.19,1132794,25.98,26.35,25.8
3/29/2016,26.49,1112622,26.05,26.62,25.75
3/30/2016,26.11,1458766,26.63,26.745,25.9
3/31/2016,26.24,1701274,26.14,26.251,25.91
4/1/2016,25.65,2185784,25.82,25.9,25.15
4/4/2016,25.34,1077333,25.65,25.7,25.255
4/5/2016,25.16,1244061,25.11,25.3,25.02
4/6/2016,25.61,1574469,25.11,25.75,25.03
4/7/2016,25.18,1310137,25.43,25.51,24.98
4/8/2016,24.94,1231096,25.44,25.72,24.81
4/11/2016,24.72,1246492,25.03,25.24,24.72
4/12/2016,24.49,1709734,24.79,24.88,24.404
4/13/2016,25.28,1552177,24.65,25.39,24.6
4/14/2016,25.19,1415926,25.27,25.52,25.17
4/15/2016,24.69,1539637,25.21,25.33,24.64
4/18/2016,24.79,1320763,24.51,25.06,24.36
4/19/2016,25.12,1939160,24.83,25.195,24.79
4/20/2016,25.5,1481333,25.18,25.69,25.18
4/21/2016,25.8,2277850,25.51,26.2,25.51
4/22/2016,26.61,3061029,25.75,26.72,25.75
4/25/2016,26.32,1733766,26.55,26.7,26.17
4/26/2016,26.04,1335166,26.39,26.5,25.91
4/27/2016,26.2,1075716,26.03,26.35,26.02
4/28/2016,25.9,1017512,26.1,26.25,25.83
4/29/2016,25.3,2230677,25.83,25.83,24.835
5/2/2016,25.33,1651667,25.29,25.39,24.73
5/3/2016,25.04,2146498,25.09,25.24,24.84
5/4/2016,24.4,2352221,24.9,24.9,24.21
5/5/2016,26.27,4917871,26,26.71,25.12
5/6/2016,28.14,10214460,26.13,29.73,26.08
5/9/2016,27.2,4001977,28.1,28.2125,27.19
5/10/2016,27.75,2645257,27.3,27.77,27.14
5/11/2016,27.53,2187451,27.71,27.88,27.5
5/12/2016,27.31,2313792,27.81,27.9246,26.75
5/13/2016,26.41,2879904,26.87,27.41,26.225
5/16/2016,26.54,3320236,26.53,26.76,26.16
5/17/2016,26.15,3305037,26.52,26.725,25.98
5/18/2016,26,3030798,26.12,26.4,25.81
5/19/2016,25.85,2136078,25.85,26.14,25.59
5/20/2016,26.44,2078421,25.99,26.49,25.87
5/23/2016,26.62,2174308,26.39,26.955,26.39
5/24/2016,26.55,2342461,26.7,26.795,26.23
5/25/2016,27.57,2710556,26.7,27.7,26.7
5/26/2016,27.71,2454067,27.63,27.89,27.28
5/27/2016,27.94,2097743,27.77,28.11,27.69
5/31/2016,28.34,8792026,27.97,28.62,27.97
6/1/2016,28.58,2634583,28.23,28.67,28.06
6/2/2016,28.96,2135009,28.41,28.995,28.32
6/3/2016,28.31,1933795,28.91,28.91,28.09
6/6/2016,28.65,1378236,28.23,28.7,28.16
6/7/2016,28.74,1318875,28.72,28.89,28.44
6/8/2016,29.05,1401896,28.81,29.135,28.7
6/9/2016,28.64,948383,28.89,28.89,28.59
6/10/2016,27.85,1470320,28.22,28.32,27.76
6/13/2016,27.5,919903,27.7,27.93,27.451
6/14/2016,27.3,1278415,27.4,27.61,26.8825
6/15/2016,27.06,1599410,27.31,27.43,27.02
6/16/2016,27.23,1665322,26.92,27.26,26.485
6/17/2016,27.67,2591974,27.23,27.73,27.13
6/20/2016,28.19,1912151,28.2,28.73,28.08
6/21/2016,28.2,1223492,28.22,28.32,27.92
6/22/2016,27.85,1115307,28.26,28.43,27.82
6/23/2016,28.56,1376618,28.22,28.72,28.12
6/24/2016,26.08,3543427,27.31,27.35,26.05
6/27/2016,24.44,3246444,25.65,25.73,24.27
6/28/2016,24.87,1633411,25.01,25.23,24.48
6/29/2016,24.94,2444440,24.96,25.07,24.33
6/30/2016,25.07,2064198,25.04,25.1,24.57
7/1/2016,25.25,1749894,25.22,25.52,25.13
7/5/2016,24.78,1813080,25.13,25.19,24.51
7/6/2016,25.12,1846400,24.65,25.19,24.55
7/7/2016,25.23,1522949,25.21,25.56,24.94
7/8/2016,25.94,1122928,25.67,26.09,25.46
7/11/2016,26.04,1164113,25.94,26.19,25.73
7/12/2016,27.12,1581057,26.36,27.18,26.21
7/13/2016,27.09,1315466,27.24,27.48,26.89
7/14/2016,27.31,1488974,27.46,27.73,27.26
7/15/2016,27.18,1765598,27.05,27.45,26.58
7/18/2016,27.35,887217,27.16,27.52,27.13
7/19/2016,27.23,829444,27.2,27.47,27.11
7/20/2016,28.3,1798842,27.35,28.4,27.24
7/21/2016,28.03,2004377,28.25,28.64,27.97
7/22/2016,28.21,1138178,27.98,28.42,27.785
7/25/2016,28.31,963545,28.14,28.42,28.045
7/26/2016,28.55,794125,28.31,28.64,28.3
7/27/2016,28.5,1177074,28.63,28.67,28.38
7/28/2016,28.69,868233,28.49,28.7499,28.3
7/29/2016,28.38,2229543,28.65,28.65,27.97
8/1/2016,28.39,2607180,28.4,28.45,28.08
8/2/2016,29.42,5288857,29,29.826,28.82
8/3/2016,30.65,4529959,29.36,30.7124,29.36
8/4/2016,31.26,3012217,30.86,31.37,30.68
8/5/2016,31.55,3262562,31.44,31.94,31.29
8/8/2016,31.9,1000001,31.62,31.9,31.451
8/9/2016,31.62,1615144,31.99,31.99,31.54
8/10/2016,31.27,2300925,31.76,31.9,31.23
8/11/2016,31.54,2023572,31.33,31.82,31.27
8/12/2016,31.36,1042677,31.5,31.52,31.11
8/15/2016,31.8,1027186,31.4,31.98,31.4
8/16/2016,31.43,1200770,31.6,31.74,31.37
8/17/2016,31.35,1127355,31.24,31.45,31.09
8/18/2016,31.54,1093956,31.32,31.67,31.32
8/19/2016,31.67,865168,31.4,31.8,31.31
8/22/2016,31.68,1449721,31.42,31.7,30.98
8/23/2016,31.98,1466797,31.97,32.13,31.72
8/24/2016,31.56,1492879,31.88,32.24,31.49
8/25/2016,31.75,1474152,31.5,32.12,31.34
8/26/2016,32.29,2121347,31.82,32.41,31.82
8/29/2016,32.62,1868909,32.3,32.63,32.25
8/30/2016,32.59,1426324,32.77,33.09,32.26
8/31/2016,31.73,1859104,32.47,32.58,31.71
9/1/2016,31.47,1789211,31.76,31.94,31.24
9/2/2016,31.75,1314577,31.68,32.04,31.55
9/6/2016,31.23,1857938,31.69,31.87,30.96
9/7/2016,31.22,1647346,31.22,31.495,31.02
9/8/2016,31.11,1441576,31.13,31.435,31
9/9/2016,29.79,2078918,30.81,31.1,29.79
9/12/2016,30.37,1756593,29.47,30.43,29.4
9/13/2016,29.46,1559256,30.21,30.35,29.31
9/14/2016,29.57,1435175,29.64,29.78,29.21
9/15/2016,30.03,1322862,29.56,30.27,29.35
9/16/2016,29.63,2333546,29.82,29.89,29.37
9/19/2016,30.07,1120073,29.9,30.33,29.9
9/20/2016,29.88,920380,30.3,30.46,29.87
9/21/2016,30.34,1174526,30.16,30.41,29.97
9/22/2016,30.56,659163,30.8,30.8,30.51
9/23/2016,30.72,1302510,30.42,31.1315,30.41
9/26/2016,30.48,856626,30.5,30.75,30.39
9/27/2016,30.4,917352,30.15,30.73,30.15
9/28/2016,30.96,1313099,30.47,30.99,30.12
9/29/2016,30.11,1460637,30.96,31.0625,30.07
9/30/2016,31,1864029,30.24,31.13,30.22
10/3/2016,29.44,3640612,30.08,30.28,28.9
10/4/2016,29.55,1671080,29.35,29.84,29.19
10/5/2016,30.16,1787480,29.86,30.5,29.68
10/6/2016,30.36,1326468,29.77,30.55,29.69
10/7/2016,30.29,1301617,30.36,30.54,30.18
10/10/2016,30.63,930205,30.5,30.765,30.5
10/11/2016,29.79,1686755,30.39,30.49,29.63
10/12/2016,30,1026129,29.68,30.05,29.46
10/13/2016,29.31,945705,29.33,29.66,29.04
10/14/2016,29.52,1590704,29.62,30.04,29.245
10/17/2016,29.29,1025962,29.52,29.67,29.21
10/18/2016,29.5,1276680,29.71,29.75,29.25
10/19/2016,30.09,991100,29.63,30.2,29.55
10/20/2016,29.69,1198668,29.94,30.19,29.57
10/21/2016,29.34,1504578,29.38,29.56,29.24
10/24/2016,29.83,848673,29.67,29.92,29.45
10/25/2016,29.8,1417093,29.75,29.94,29.37
10/26/2016,30.09,2572430,29.64,30.23,29.535
10/27/2016,27.66,6604861,27.7,28.07,27.11
10/28/2016,26.95,3510381,27.45,27.5,26.85
10/31/2016,26.96,2296273,26.95,27.075,26.638
11/1/2016,27.1,2802425,27.12,27.18,26.565
11/2/2016,26.73,2563700,26.98,27.365,26.66
11/3/2016,26.53,2410540,26.78,26.955,26.49
11/4/2016,26.42,2671097,26.55,26.87,26.4
11/7/2016,27.11,1521735,26.85,27.155,26.85
11/8/2016,27.5,1325648,27.03,27.57,26.925
11/9/2016,28.02,2618273,26.98,28.08,26.96
11/10/2016,28.42,2192991,28.28,28.6,27.855
11/11/2016,28.61,1352999,28.26,28.65,28.11
11/14/2016,29.04,1354500,28.94,29.325,28.735
11/15/2016,29.04,1576661,28.97,29.09,28.73
11/16/2016,28.39,1679071,28.97,29,28.3
11/17/2016,28.02,4007640,28.44,28.71,27.86
11/18/2016,27.07,3221728,27.31,27.43,26.78
11/21/2016,27.45,2379669,27.45,27.45,27.07
11/22/2016,27.42,1346110,27.54,27.56,27.04
11/23/2016,27.35,1192981,27.29,27.47,27.1
11/25/2016,27.35,376659,27.39,27.45,27.14
11/28/2016,27.54,2056972,27.23,27.63,27.23
11/29/2016,27.2,1503081,27.48,27.52,27.11
11/30/2016,26.85,1559353,27.42,27.4889,26.85
12/1/2016,26.42,2192188,26.91,26.91,26.37
12/2/2016,26.45,2063759,26.32,26.77,26.27
12/5/2016,27.23,2141131,26.66,27.33,26.5
12/6/2016,27.41,2169345,27.2,27.555,26.87
12/7/2016,27.89,2003899,27.39,27.94,27.035
12/8/2016,28.75,2301422,27.89,29.07,27.72
12/9/2016,28.6,1452035,28.73,28.8,28.34
12/12/2016,28.29,1296523,28.49,28.65,28.09
12/13/2016,28.62,1148189,28.32,28.68,28.18
12/14/2016,28.54,3544845,28.51,29,28.34
12/15/2016,28.15,1099625,28.51,28.72,28.14
12/16/2016,28.23,2328771,28.149,28.54,28.1
12/19/2016,28.04,1005314,28.3,28.4,28.01
12/20/2016,27.57,1295122,28.14,28.26,27.46
12/21/2016,27.32,1395189,27.6,27.66,27.16
12/22/2016,26.7,1315665,27.32,27.38,26.64
12/23/2016,26.97,574939,26.55,26.97,26.55
12/27/2016,27.33,542220,27.02,27.38,27.02
12/28/2016,27.09,804817,27.4,27.5,26.99
12/29/2016,27.25,849590,27.06,27.26,26.92
12/30/2016,27.17,1215353,27.3,27.3,27.08
1/3/2017,27.58,1507592,27.33,27.91,27.14
1/4/2017,28.64,1645616,27.67,28.66,27.62
1/5/2017,28.34,1447976,28.42,28.78,28.16
1/6/2017,28.75,1002555,28.48,28.76,28.29
1/9/2017,28.53,1238788,28.9,28.9,28.44
1/10/2017,28.31,937944,28.53,28.6,28.17
1/11/2017,28.47,1303023,27.95,28.48,27.81
1/12/2017,28.45,1199741,28.33,28.48,27.9
1/13/2017,28.51,628153,28.45,28.6615,28.44
1/17/2017,28.2,826193,28.52,28.64,28.1
1/18/2017,28.72,1942134,28.15,28.83,28.02
1/19/2017,28.42,1286586,28.76,28.8625,28.3
1/20/2017,28.47,1199570,28.52,28.615,28.35
1/23/2017,28.4,1174046,28.41,28.53,28.11
1/24/2017,28.64,995746,28.54,28.9058,28.42
1/25/2017,29.16,1258424,28.87,29.175,28.57
1/26/2017,28.92,955892,28.99,29.25,28.9
1/27/2017,29.12,1132868,28.9,29.12,28.735
1/30/2017,29.03,1429104,28.95,29.07,28.59
1/31/2017,29.36,1829203,28.92,29.455,28.88
2/1/2017,29.53,1189088,29.57,29.71,29.09
2/2/2017,29.77,1422165,29.41,29.83,29.2
2/3/2017,30.2,1382505,30,30.26,29.88
2/6/2017,29.92,880769,29.87,30.1698,29.755
2/7/2017,29.94,839750,29.91,30.01,29.675
2/8/2017,30.17,2178103,30,30.43,29.73
2/9/2017,32.74,5322269,30.16,33.32,30.125
2/10/2017,31.68,4870937,32.33,32.54,31.48
2/13/2017,31.87,1651134,31.8,32.03,31.61
2/14/2017,31.56,1679461,31.58,31.71,31.24
2/15/2017,31.59,1281637,31.51,31.655,31.28
2/16/2017,31.07,2171097,31.62,32.08,31
2/17/2017,31.07,2123980,30.95,31.21,30.695
2/21/2017,31.73,2850316,31,31.81,30.9
2/22/2017,31.4,1786041,31.71,31.73,31.34
2/23/2017,31.36,1108254,31.91,31.91,31.18
2/24/2017,31.28,865956,31.11,31.335,30.93
2/27/2017,31.36,1270939,31.2,31.445,31.13
2/28/2017,31.1,1589661,31.27,31.41,30.84
3/1/2017,31.43,1681177,31.47,31.68,31.32
3/2/2017,31.09,1869719,31.27,31.46,31.03
3/3/2017,31.46,1561609,31.14,31.64,30.97
3/6/2017,31.26,1298803,31.19,31.4,31.02
3/7/2017,31.09,1371753,31.12,31.4076,31.04
3/8/2017,31,1149910,31.13,31.23,30.97
3/9/2017,31.11,1016592,31.15,31.15,30.92
3/10/2017,31.38,1196275,31.44,31.57,31.12
3/13/2017,30.99,1714720,31.35,31.46,30.94
3/14/2017,30.97,2898593,30.95,31.15,30.58
3/15/2017,31.07,1965996,31.11,31.2,30.76
3/16/2017,31.2,1354605,31.27,31.51,31.07
3/17/2017,30.76,1070212,31.37,31.4,30.76
3/20/2017,30.94,1220793,30.8,30.99,30.62
3/21/2017,30.27,1480787,31.16,31.36,30.23
3/22/2017,30.38,901204,30.25,30.38,30.02
3/23/2017,30.44,770663,30.36,30.58,30.24
3/24/2017,30.3,2502689,30.58,30.63,30.275
3/27/2017,30.41,879726,29.99,30.53,29.73
3/28/2017,30.8,1015300,30.41,30.905,30.25
3/29/2017,31.02,970089,30.67,31.025,30.53
3/30/2017,31.27,903717,31.02,31.27,31
3/31/2017,31.12,1221181,31.27,31.56,31.12
4/3/2017,30.46,1055809,31.09,31.38,30.345
4/4/2017,30.38,640931,30.41,30.63,30.29
4/5/2017,30.08,866603,30.53,30.7601,30.04
4/6/2017,30.24,1189521,30.1,30.3,29.9
4/7/2017,30.29,1302100,30.16,30.37,30.07
4/10/2017,30.41,944427,30.29,30.51,30.195
4/11/2017,30.44,801680,30.25,30.51,30.04
4/12/2017,30.31,911842,30.46,30.46,30.19
4/13/2017,30.44,998967,30.28,30.6,30.16
4/17/2017,31.04,1340942,30.6,31.14,30.53
4/18/2017,30.97,1285530,30.82,31.205,30.76
4/19/2017,31.32,1212633,31.15,31.475,31.1
4/20/2017,31.94,2314001,31.45,32.13,31.23
4/21/2017,31.06,1605340,31.88,31.96,31.035
4/24/2017,31.41,1470655,31.61,31.65,31.24
4/25/2017,31.57,1938484,31.58,31.61,31.19
4/26/2017,32,2347983,31.44,32.2,31.44
4/27/2017,29.37,6400722,29.36,30.88,28.6805
4/28/2017,29.18,2865684,29.41,29.48,28.82
5/1/2017,29.04,2291536,29.21,29.34,28.93
5/2/2017,29.12,2056322,29.01,29.24,28.9501
5/3/2017,29.11,1462266,28.99,29.35,28.95
5/4/2017,29.05,1312163,29.25,29.25,28.8
5/5/2017,29.4,1578536,29.14,29.42,28.79
5/8/2017,29.16,1107445,29.35,29.47,28.995
5/9/2017,29.1,1209700,29.16,29.37,28.81
5/10/2017,29,955568,29.07,29.12,28.84
5/11/2017,28.57,1328202,28.92,28.92,28.44
5/12/2017,28.87,1160373,28.57,28.94,28.46
5/15/2017,29.27,1467972,28.96,29.51,28.96
5/16/2017,29.26,1086128,29.29,29.325,29.07
5/17/2017,28.21,1675334,28.93,29.07,28.2
5/18/2017,28.04,1255655,28.23,28.35,27.97
5/19/2017,28.56,1286137,28.21,28.835,28.16
5/22/2017,28.95,1149002,28.59,28.99,28.55
5/23/2017,28.77,1040896,29.02,29.12,28.63
5/24/2017,28.38,1983737,28.39,28.79,27.95
5/25/2017,28.85,1027850,28.55,29.02,28.5
5/26/2017,28.6,877203,28.78,28.855,28.565
5/30/2017,28.15,956661,28.48,28.66,28.06
5/31/2017,27.26,2452695,28.17,28.185,27.185
6/1/2017,27.69,2404970,27.36,27.885,27.26
6/2/2017,27.4,1833027,27.66,27.78,27.33
6/5/2017,27.32,1393405,27.36,27.67,27.2093
6/6/2017,27.74,1322252,27.18,27.95,27.05
6/7/2017,27.76,960647,27.77,27.94,27.55
6/8/2017,27.8,914827,27.84,27.91,27.56
6/9/2017,27.93,1505107,27.79,28.22,27.77
6/12/2017,28.04,2351917,27.62,28.39,27.6
6/13/2017,28.41,1599874,28.22,28.71,28.18
6/14/2017,28.45,1451847,28.43,28.75,28.25
6/15/2017,28.38,2095631,28.12,28.69,28.05
6/16/2017,28.3,23377150,28.31,28.435,27.72
6/19/2017,28.66,2093724,28.59,28.8,28.34
6/20/2017,28.45,1890108,28.54,28.695,28.43
6/21/2017,29,1789913,28.64,29.02,28.34
6/22/2017,29.2,1838107,28.99,29.37,28.76
6/23/2017,29.76,7058366,29.3,30.1,29.19
6/26/2017,29.7,2253672,29.86,30.16,29.55
6/27/2017,29.6,1615242,29.7,29.945,29.5
6/28/2017,30.04,1907531,29.81,30.22,29.76
6/29/2017,29.86,1742268,30.09,30.15,29.39
6/30/2017,29.49,1992227,29.95,30.11,29.48
7/3/2017,29.61,761200,29.56,29.93,29.33
7/5/2017,29.28,1161917,29.59,29.63,29.1
7/6/2017,28.43,1475633,29.14,29.23,28.33
7/7/2017,28.38,1671426,28.5,28.68,28.36
7/10/2017,28.59,1380338,28.4,28.72,28.33
7/11/2017,28.74,1531473,28.62,28.785,28.39
7/12/2017,28.9,1985772,28.9,29.095,28.825
7/13/2017,29.27,1338971,29.04,29.46,28.84
7/14/2017,29.55,1424461,29.39,29.66,29.2
7/17/2017,29.47,1277041,29.56,29.85,29.425
7/18/2017,29.39,789264,29.45,29.53,29.21
7/19/2017,29.4,1473172,29.33,29.42,29.07
7/20/2017,29.5,1897382,29.49,29.56,29.29
7/21/2017,29.12,1976385,29.45,29.625,28.95
7/24/2017,29.25,1323660,29.14,29.35,28.84
7/25/2017,29.7,1815949,29.31,29.78,29.26
7/26/2017,29.38,1945509,29.89,29.92,29.3
7/27/2017,31.88,6826365,30.37,32.8,29.7
7/28/2017,31.5,3107621,31.75,31.89,31.11
7/31/2017,31.82,2706421,31.61,32.05,31.249
8/1/2017,32.47,2798884,31.82,32.95,31.72
8/2/2017,32.35,3047342,32.49,32.93,32.16
8/3/2017,32.22,2046717,32.18,32.4,31.855
8/4/2017,31.91,1256796,32.37,32.45,31.75
8/7/2017,31.86,1228562,31.91,32.17,31.71
8/8/2017,31.65,2327974,31.79,32.12,31.45
8/9/2017,31.54,960633,31.46,31.785,31.24
8/10/2017,30.85,961592,31.38,31.49,30.85
8/11/2017,30.83,1183384,30.77,30.94,30.66
8/14/2017,31.09,1546433,31,31.28,30.92
8/15/2017,31,1502646,31.08,31.25,30.95
8/16/2017,30.93,557244,31.04,31.15,30.87
8/17/2017,30.28,968299,30.7,31.11,30.27
8/18/2017,30.08,1662584,30.22,30.35,29.92
8/21/2017,30.14,1447518,30.02,30.29,29.9
8/22/2017,30.42,932893,30.21,30.47,30.09
8/23/2017,30.51,744240,30.24,30.725,30.11
8/24/2017,30.8,854224,30.62,30.95,30.58
8/25/2017,30.84,1037050,30.77,31.13,30.63
8/28/2017,31.04,1185105,30.9,31.04,30.78
8/29/2017,30.98,1626689,30.75,31.04,30.71
8/30/2017,31.22,694256,30.95,31.27,30.81
8/31/2017,31.92,1360404,31.31,31.97,31.26
9/1/2017,32.19,1121019,31.96,32.26,31.78
9/5/2017,31.71,2043340,32.1,32.13,31.42
9/6/2017,31.05,1688322,31.79,31.91,30.98
9/7/2017,30.66,1471378,31.16,31.65,30.64
9/8/2017,30.74,2451225,30.69,30.93,30.365
9/11/2017,31.79,2518063,30.98,31.84,30.9036
9/12/2017,31.94,1102472,31.76,31.97,31.48
9/13/2017,31.61,776796,31.88,31.98,31.52
9/14/2017,32.06,1680513,31.47,32.225,31.19
9/15/2017,32.63,2648991,31.87,32.67,31.82
9/18/2017,33.05,1364249,32.69,33.16,32.67
9/19/2017,32.98,1346368,33.11,33.36,32.79
9/20/2017,33.2,1462725,32.98,33.255,32.75
9/21/2017,32.88,870179,33.19,33.35,32.81
9/22/2017,32.97,750482,32.82,33.03,32.665
9/25/2017,32.85,871569,32.9,33,32.64
9/26/2017,33.22,1985839,32.88,33.67,32.86
9/27/2017,33.6,1316638,33.37,33.69,33.2
9/28/2017,33.76,1467715,33.59,33.89,33.4177
9/29/2017,33.79,1024887,33.78,33.89,33.48
10/2/2017,33.95,1051161,33.8,33.985,33.77
10/3/2017,34.1,1324468,33.96,34.235,33.77
10/4/2017,33.72,1417668,34.11,34.3,33.7
10/5/2017,33.67,914892,33.76,33.86,33.4
10/6/2017,33.42,1550045,33.585,33.74,33.12
10/9/2017,33.16,595672,33.42,33.5,33.05
10/10/2017,33.07,889438,33.28,33.43,32.92
10/11/2017,32.69,1294448,33.1,33.21,32.5891
10/12/2017,32.63,988488,32.62,32.69,32.4808
10/13/2017,33.21,826200,32.79,33.36,32.79
10/16/2017,32.97,879798,33.29,33.4,32.765
10/17/2017,32.11,1170022,32.93,32.95,32.035
10/18/2017,32.22,1382781,32.16,32.31,31.766
10/19/2017,32.31,550367,32,32.32,31.92
10/20/2017,32.54,562509,32.44,32.58,32.17
10/23/2017,32.2,795724,32.48,32.615,32.13
10/24/2017,32.56,712802,32.28,32.65,32.14
10/25/2017,32.59,1115330,32.52,32.79,32.24
10/26/2017,32.57,971020,32.72,32.75,32.42
10/27/2017,33.51,1796415,32.67,33.52,32.6
10/30/2017,33.87,2471579,33.28,33.95,33.09
10/31/2017,33.45,1563566,33.87,33.9,33.1
11/1/2017,33.29,2116589,33.59,33.6,32.84
11/2/2017,37.06,5398073,34.77,38.08,34.74
11/3/2017,36.09,2264834,37.15,37.29,35.87
11/6/2017,35.53,2100463,36.08,36.18,35.43
11/7/2017,34.62,1690904,35.35,35.51,34.51
11/8/2017,35.64,1684602,34.5,35.8,34.37
11/9/2017,35.26,1444441,34.88,35.98,34.81
11/10/2017,35.35,803682,35.09,35.645,35.01
11/13/2017,35.83,1071659,36.15,36.3,35.65
11/14/2017,35.77,1149217,35.81,35.91,35.58
11/15/2017,35.42,902348,35.51,35.78,35.3097
11/16/2017,35.85,980947,35.53,36,35.43
11/17/2017,35.83,627179,35.85,36.06,35.62
11/20/2017,36.15,714808,35.85,36.21,35.77
11/21/2017,36.39,613899,36.28,36.49,35.961
11/22/2017,36.41,564979,36.43,36.62,36.2501
11/24/2017,36.76,268863,36.74,36.85,36.34
11/27/2017,36.61,561224,36.73,36.88,36.38
11/28/2017,36.96,627394,36.61,37.015,36.59
11/29/2017,37.66,1285593,37,37.69,36.91
11/30/2017,38.01,2259943,37.76,38.18,37.645
12/1/2017,37.73,1555170,37.85,38.2,37.01
12/4/2017,37.98,1705715,37.75,38.275,37.65
12/5/2017,38.52,2060749,38.28,38.69,37.72
12/6/2017,37.38,1262268,38.4,38.57,37.28
12/7/2017,37.53,1222073,37.39,37.7,37.185
12/8/2017,38.15,1348907,37.77,38.19,37.31
12/11/2017,38.4,998555,37.71,38.425,37.71
12/12/2017,38.54,1032399,38.4,38.66,38.05
12/13/2017,38.91,2479541,38.47,39.13,38.08
12/14/2017,38.71,2081139,38.84,39.33,38.59
12/15/2017,38.57,4022069,38.79,38.79,38.24
12/18/2017,39.2,1126899,38.87,39.335,38.77
12/19/2017,38.97,753450,39.16,39.16,38.72
12/20/2017,38.89,712597,39.07,39.15,38.59
12/21/2017,38.66,837880,39,39.03,38.58
12/22/2017,38.53,587914,38.6,38.6,38.3968
12/26/2017,38.68,415709,38.4,38.75,38.32
12/27/2017,38.79,448777,38.68,38.96,38.65
12/28/2017,38.48,677897,38.85,38.89,38.34
12/29/2017,38.46,600843,38.69,38.79,38.45
1/2/2018,38.49,1059405,38.8,38.8,38.34
1/3/2018,38.68,863317,38.42,38.715,38.39
1/4/2018,38.65,729155,38.78,38.8,38.49
1/5/2018,38.83,576965,38.86,38.93,38.681
1/8/2018,38.82,1042113,38.69,38.86,38.5
1/9/2018,38.4,871149,38.97,39,38.34
1/10/2018,37.99,966998,38.24,38.28,37.86
1/11/2018,38.18,1229280,38.09,38.26,37.98
1/12/2018,38.32,999850,38.16,38.53,37.98
1/16/2018,37.77,1283341,38.28,38.49,37.65
1/17/2018,38.81,694114,37.96,38.85,37.88
1/18/2018,38.81,870629,38.89,39.1,38.69
1/19/2018,39.09,567904,38.92,39.295,38.82
1/22/2018,38.85,685851,38.98,39.05,38.505
1/23/2018,39.83,825567,39.92,40.5,39.4
1/24/2018,39.9,1362236,39.91,40.35,39.82
1/25/2018,40.19,1133549,40.03,40.19,39.66
1/26/2018,40.86,850396,40.23,40.87,39.95
1/29/2018,41.22,1135822,40.73,41.32,40.7215
1/30/2018,40.89,1577529,40.95,41.3,40.63
1/31/2018,40.5,1359662,41.04,41.32,40.45
2/1/2018,41.37,914699,40.44,41.42,40.31
2/2/2018,40.8,2559602,42.53,42.7399,40.8
2/5/2018,40.34,1613446,40.41,41.41,40.18
2/6/2018,39.75,2404160,39.56,40.46,38.93
2/7/2018,40.1,2720534,39.69,40.54,39.65
2/8/2018,37.3,4600302,41,41.44,36.5
2/9/2018,35,5688011,36.67,37.44,33.63
2/12/2018,35.93,3239374,35.36,36.17,34.8066
2/13/2018,36.22,2055480,35.78,36.45,35.31
2/14/2018,36.69,1287641,35.97,37.1,35.86
2/15/2018,37.02,1223093,36.92,37.08,36.3025
2/16/2018,36.71,996685,36.61,37.2,36.45
2/20/2018,36.76,930753,36.27,36.93,36.27
2/21/2018,36.46,1112532,36.85,37.37,36.46
2/22/2018,36.61,787620,36.57,36.96,36.43
2/23/2018,37.2,834545,36.93,37.3,36.93
2/26/2018,37.3,1200018,37.2,37.54,36.88
2/27/2018,36.84,1288692,37.3,37.41,36.81
2/28/2018,36.82,1628268,36.98,37.4,36.68
3/1/2018,38.13,1898247,37.01,38.32,36.85
3/2/2018,39.18,1716808,37.85,39.3,37.66
3/5/2018,41.65,2774861,40.11,41.69,39.59
3/6/2018,41.94,2038342,41.73,42.84,41.5
3/7/2018,41.59,1138252,41.58,42.27,41.41
3/8/2018,41.75,720071,41.7,41.92,41.3
3/9/2018,42.4,762749,42,42.55,42
3/12/2018,42.59,1018525,42.4,42.74,41.91
3/13/2018,42.3,844291,42.68,42.71,42.03
3/14/2018,42.45,665433,42.38,42.595,42
3/15/2018,42.36,1076962,42.45,42.6,42.04
3/16/2018,42.01,1366681,42.43,42.82,42
3/19/2018,42.45,947227,41.94,42.58,41.62
3/20/2018,42.14,1181798,42.34,42.48,41.84
3/21/2018,41.94,832627,42.05,42.57,41.94
3/22/2018,40.71,1022214,41.5,41.82,40.71
3/23/2018,39.9,1045281,40.75,41.01,39.89
3/26/2018,40.73,832940,40.46,40.75,39.935
3/27/2018,39.57,1185705,40.54,40.82,39.47
3/28/2018,38.75,1485729,39.43,39.65,38.65
